sessions/2026/06/01/rollout-2026-06-01T11-57-32-019e8154-64a5-7a91-9bf8-1286a1b15579.jsonl	1139677
sessions/2026/06/01/rollout-2026-06-01T11-28-37-019e8139-ee26-75a1-8429-510b74d1b3b7.jsonl	54695
sessions/2026/06/01/rollout-2026-06-01T16-01-03-019e8233-5626-7e32-8458-7a01d1286b6e.jsonl	383842
sessions/2026/06/01/rollout-2026-06-01T16-03-42-019e8235-c59e-7043-b572-b706bc8c2862.jsonl	77238
sessions/2026/06/01/rollout-2026-06-01T17-03-59-019e826c-f7eb-77a2-84dc-fe238cc85bae.jsonl	1099508
sessions/2026/06/25/rollout-2026-06-25T18-19-25-019efe4a-a5a0-7d92-9c54-ab7dd5d0d357.jsonl	74065
sessions/2026/06/25/rollout-2026-06-25T18-21-41-019efe4c-b8e2-7f01-9abd-5371d2cd216d.jsonl	109930
sessions/2026/06/25/rollout-2026-06-25T11-12-07-019efcc3-71cc-7642-b556-6aa53facbf89.jsonl	49714
sessions/2026/06/25/rollout-2026-06-25T15-50-04-019efdc1-e8a9-7481-9bc6-9f3826868737.jsonl	51231
sessions/2026/06/25/rollout-2026-06-25T10-08-51-019efc89-85f5-76a3-aba8-4ff1e940db3f.jsonl	462304
sessions/2026/06/25/rollout-2026-06-25T18-21-00-019efe4c-174b-7b40-8f99-62e060f2817f.jsonl	57013
sessions/2026/06/25/rollout-2026-06-25T10-57-41-019efcb6-3892-7282-8ca8-e186f8c17ff7.jsonl	554483
sessions/2026/06/09/rollout-2026-06-09T20-05-23-019eac45-ead9-76d3-9dcd-04dbd755517c.jsonl	251632
sessions/2026/06/09/rollout-2026-06-09T17-30-15-019eabb7-e2d6-7eb3-a5e6-f5a191039686.jsonl	1451175
sessions/2026/06/09/rollout-2026-06-09T17-34-33-019eabbb-d2cd-7f21-8853-64699e47611e.jsonl	791420
sessions/2026/06/09/rollout-2026-06-09T16-35-47-019eab86-05b1-71a0-a21f-0be1eac32b3d.jsonl	1174978
sessions/2026/06/09/rollout-2026-06-09T10-33-06-019eaa39-f761-7f83-82c4-4ad9cd36b253.jsonl	414402
sessions/2026/06/09/rollout-2026-06-09T20-26-04-019eac58-daa2-7680-823b-4cad92d136d4.jsonl	710548
sessions/2026/06/09/rollout-2026-06-09T16-17-48-019eab75-8f60-7de3-b0fa-64924812c5eb.jsonl	389166
sessions/2026/06/09/rollout-2026-06-09T19-58-49-019eac3f-e5bf-7203-8d51-f343abf46bed.jsonl	994694
sessions/2026/06/09/rollout-2026-06-09T11-26-41-019eaa6b-0829-7760-9eeb-d2ac6a4d3947.jsonl	345751
sessions/2026/06/23/rollout-2026-06-23T10-53-38-019ef265-cd93-7021-b82e-b23a7c5f93d4.jsonl	79614
sessions/2026/06/23/rollout-2026-06-23T10-45-09-019ef25e-0860-7093-9af2-71899ba290de.jsonl	65166
sessions/2026/06/23/rollout-2026-06-23T17-28-12-019ef3cf-0b7b-7873-9862-3609f8b7eca9.jsonl	952051
sessions/2026/06/23/rollout-2026-06-23T15-43-16-019ef36e-f895-7760-84a6-e1c776630cb6.jsonl	396439
sessions/2026/06/23/rollout-2026-06-23T10-33-50-019ef253-ad35-71f1-9807-ae7b9005a543.jsonl	237670
sessions/2026/06/11/rollout-2026-06-11T16-34-45-019eb5d1-c90c-7032-89ba-94fa5971e8ce.jsonl	350792
sessions/2026/06/11/rollout-2026-06-11T11-39-46-019eb4c3-ba67-7863-97b3-4c0ac07d8f90.jsonl	630433
sessions/2026/06/11/rollout-2026-06-11T17-16-30-019eb5f8-03ae-7f22-8cc1-15a21752b4f3.jsonl	761999
sessions/2026/06/11/rollout-2026-06-11T14-17-34-019eb554-329b-7172-ab2f-c82d7d12cf69.jsonl	433940
sessions/2026/06/11/rollout-2026-06-11T20-24-51-019eb6a4-7285-7cb2-ba9a-d1e0a6455042.jsonl	166396
sessions/2026/06/11/rollout-2026-06-11T15-02-17-019eb57d-22c0-71f3-b246-4ed2ac9867c8.jsonl	504617
sessions/2026/06/11/rollout-2026-06-11T19-39-11-019eb67a-a533-7f62-9b5b-f8e537f77779.jsonl	243116
sessions/2026/06/11/rollout-2026-06-11T11-47-26-019eb4ca-bbd6-75d3-a6fb-0ff5a8a805a6.jsonl	337062
sessions/2026/06/11/rollout-2026-06-11T10-16-11-019eb477-3440-7370-9af7-4f7020b82ad4.jsonl	646616
sessions/2026/06/11/rollout-2026-06-11T14-59-40-019eb57a-be7c-7761-b676-d12f70621bb5.jsonl	224937
sessions/2026/06/11/rollout-2026-06-11T20-16-45-019eb69d-0849-7c50-83ac-e54912b1b332.jsonl	135444
sessions/2026/06/11/rollout-2026-06-11T11-10-48-019eb4a9-34f1-7a03-bee6-030b9b65a6cb.jsonl	412404
sessions/2026/06/11/rollout-2026-06-11T16-02-09-019eb5b3-f2fc-7e00-bb31-d2a0fbcc1cb2.jsonl	450087
sessions/2026/06/26/rollout-2026-06-26T10-14-08-019f01b4-b67e-78d2-98ee-439b1d9122d4.jsonl	924992
sessions/2026/06/26/rollout-2026-06-26T18-12-01-019f036a-3aac-7b70-9e34-0b6d2560e503.jsonl	51785
sessions/2026/06/26/rollout-2026-06-26T15-18-48-019f02cb-a41d-74d3-9b73-6837f8cf6a12.jsonl	634626
sessions/2026/06/26/rollout-2026-06-26T18-05-28-019f0364-3b59-74b1-a0d7-8a78c9d62649.jsonl	56769
sessions/2026/06/26/rollout-2026-06-26T18-27-22-019f0378-4788-7d93-a004-a59ea28bba15.jsonl	85819
sessions/2026/06/26/rollout-2026-06-26T18-19-28-019f0371-0bfc-7530-a111-c702719e8073.jsonl	52798
sessions/2026/06/26/rollout-2026-06-26T18-08-07-019f0366-aafb-7b01-a3d1-e2d931618bbc.jsonl	51786
sessions/2026/06/26/rollout-2026-06-26T18-17-09-019f036e-ed08-7350-8a8a-bd302eadbaa7.jsonl	51789
sessions/2026/06/26/rollout-2026-06-26T17-52-17-019f0358-2bbc-7b20-b684-4e3ec608b407.jsonl	431081
sessions/2026/06/02/rollout-2026-06-02T16-30-30-019e8774-a94c-7a43-aa4a-72d2047c9fef.jsonl	1541614
sessions/2026/06/02/rollout-2026-06-02T17-44-40-019e87b8-91fa-7492-9e67-ebf3146039d4.jsonl	704902
sessions/2026/06/02/rollout-2026-06-02T16-49-54-019e8786-6ba8-7be0-bbe5-d4047af7e05b.jsonl	1443938
sessions/2026/06/02/rollout-2026-06-02T10-12-41-019e861a-c41c-7ff3-92fa-042891d1f8a0.jsonl	582007
sessions/2026/06/02/rollout-2026-06-02T18-13-31-019e87d2-fc52-7c51-9463-ed426f9be7e5.jsonl	1897903
sessions/2026/06/02/rollout-2026-06-02T10-11-17-019e8619-79ac-7072-baf2-ad2f041d846b.jsonl	36136
sessions/2026/06/12/rollout-2026-06-12T15-23-53-019ebab7-46a3-76c0-938c-eb4480d96e78.jsonl	456041
sessions/2026/06/12/rollout-2026-06-12T18-18-29-019ebb57-1f9c-7031-ad15-630ddbd8ddc0.jsonl	168032
sessions/2026/06/12/rollout-2026-06-12T15-00-49-019ebaa2-27c5-77c3-b965-aff3a2ff6bc7.jsonl	459182
sessions/2026/06/12/rollout-2026-06-12T20-03-56-019ebbb7-a901-7933-9902-efba49d49549.jsonl	513068
sessions/2026/06/12/rollout-2026-06-12T20-10-41-019ebbbd-d744-72d2-91a2-f7f3b0393444.jsonl	915965
sessions/2026/06/12/rollout-2026-06-12T17-00-02-019ebb0f-4dd8-7052-9fbf-73b8ad341dc7.jsonl	372995
sessions/2026/06/17/rollout-2026-06-17T20-41-24-019ed599-c3f9-74f0-b3d8-a5cc1e3b97e2.jsonl	2322585
sessions/2026/06/17/rollout-2026-06-17T10-17-14-019ed35e-5289-7ad0-9b39-00a2125b0abe.jsonl	358544
sessions/2026/06/17/rollout-2026-06-17T16-52-39-019ed4c8-5615-73e2-8599-b511d3aff632.jsonl	231402
sessions/2026/06/17/rollout-2026-06-17T15-35-34-019ed481-c086-7772-b096-27fcb4b37712.jsonl	124377
sessions/2026/06/17/rollout-2026-06-17T17-20-07-019ed4e1-7cb0-7a42-be62-e146475ac930.jsonl	25728845
sessions/2026/06/17/rollout-2026-06-17T09-55-52-019ed34a-c064-7d81-b81e-a23d78036b41.jsonl	445014
sessions/2026/06/17/rollout-2026-06-17T10-03-39-019ed351-e159-73f3-a1cd-71ed4a3e8425.jsonl	754790
sessions/2026/06/17/rollout-2026-06-17T10-48-51-019ed37b-4426-7692-873b-35efee734575.jsonl	603485
sessions/2026/06/16/rollout-2026-06-16T16-13-53-019ecf7e-79fb-7bb3-9e88-bf2dff034d12.jsonl	672737
sessions/2026/06/16/rollout-2026-06-16T15-38-11-019ecf5d-cb45-7590-95be-50b53563c0a0.jsonl	1186650
sessions/2026/06/16/rollout-2026-06-16T10-51-03-019ece56-eb82-7003-9009-4144b72236e3.jsonl	255722
sessions/2026/06/16/rollout-2026-06-16T17-04-18-019ecfac-a3a8-78d1-b9e0-3588666a6b54.jsonl	1025773
sessions/2026/06/16/rollout-2026-06-16T10-14-43-019ece35-a75a-7890-8623-ef46f0853706.jsonl	476485
sessions/2026/06/16/rollout-2026-06-16T12-01-49-019ece97-b6e3-71b3-bba6-e29c7d0b525b.jsonl	1005090
sessions/2026/06/16/rollout-2026-06-16T10-19-47-019ece3a-4d39-78d1-a313-c12789e89106.jsonl	409294
sessions/2026/06/16/rollout-2026-06-16T09-59-02-019ece27-4ba0-7d80-b8d3-3556f40aa4a6.jsonl	82400
sessions/2026/06/08/rollout-2026-06-08T14-55-11-019ea603-8ea6-78e1-8677-c89cbc620822.jsonl	45729
sessions/2026/06/08/rollout-2026-06-08T11-53-57-019ea55d-a029-7271-b0c5-052db1034908.jsonl	40499
sessions/2026/06/08/rollout-2026-06-08T14-55-02-019ea603-6add-7621-9800-db0ec1fccd4c.jsonl	2488817
sessions/2026/06/08/rollout-2026-06-08T11-52-08-019ea55b-f830-7011-9de0-271c94382947.jsonl	1386877
sessions/2026/06/08/rollout-2026-06-08T09-36-13-019ea4df-8903-7170-96b4-f8af519de214.jsonl	325259
sessions/2026/06/22/rollout-2026-06-22T18-17-14-019eeed5-9391-7482-b363-c56ff059a4b7.jsonl	546385
sessions/2026/06/22/rollout-2026-06-22T16-31-27-019eee74-b96c-73c3-9cdd-77707da95a62.jsonl	309391
sessions/2026/06/22/rollout-2026-06-22T16-24-35-019eee6e-6ea1-7f72-a298-6a3cb401a272.jsonl	422641
sessions/2026/06/22/rollout-2026-06-22T16-03-20-019eee5a-fa13-7d60-8c8a-dc8ea6dc09df.jsonl	323692
sessions/2026/06/05/rollout-2026-06-05T16-58-39-019e9701-84e9-7ec0-9f81-c6bb1f77ae1f.jsonl	897241
sessions/2026/06/05/rollout-2026-06-05T09-53-25-019e957c-3388-7151-8115-446171a33e81.jsonl	1776111
sessions/2026/06/05/rollout-2026-06-05T11-56-26-019e95ec-d552-73b2-ad60-b0363ff180c7.jsonl	114595
sessions/2026/06/05/rollout-2026-06-05T18-37-48-019e975c-4a4f-7d20-b54b-c07bd7caba47.jsonl	2000654
sessions/2026/06/05/rollout-2026-06-05T11-22-07-019e95cd-683b-7a42-a966-622fa8795f0c.jsonl	556793
sessions/2026/06/05/rollout-2026-06-05T16-14-47-019e96d9-5aae-7423-8220-f999ccb85db4.jsonl	498656
sessions/2026/06/05/rollout-2026-06-05T20-48-00-019e97d3-7cab-7630-a5e1-0207c93f5588.jsonl	548616
sessions/2026/06/18/rollout-2026-06-18T16-07-52-019ed9c5-afae-7c51-b672-831518652d6a.jsonl	348059
sessions/2026/06/18/rollout-2026-06-18T17-32-15-019eda12-f1ba-7072-95b6-732372976c03.jsonl	282855
sessions/2026/06/18/rollout-2026-06-18T11-43-07-019ed8d3-4e0f-7fd1-ad72-2b97cc3321b2.jsonl	360038
sessions/2026/06/18/rollout-2026-06-18T16-58-49-019ed9f4-588d-7a21-93e8-f2ba90417dde.jsonl	448023
sessions/2026/06/18/rollout-2026-06-18T18-44-47-019eda55-59ea-7160-8a03-c80bb988168a.jsonl	55026
sessions/2026/06/18/rollout-2026-06-18T17-23-48-019eda0b-34c2-78b2-9822-a8c0cfbee7d5.jsonl	486531
sessions/2026/06/18/rollout-2026-06-18T10-18-04-019ed885-71d7-7c53-b077-c1af88f341b8.jsonl	171850
sessions/2026/06/18/rollout-2026-06-18T11-05-00-019ed8b0-69a8-7590-9503-7554ad66f81c.jsonl	947913
sessions/2026/06/18/rollout-2026-06-18T10-18-10-019ed885-897f-7f40-83dd-530df523313c.jsonl	1191814
sessions/2026/06/04/rollout-2026-06-04T14-20-33-019e914a-6703-7ef2-ab21-7636f50a5698.jsonl	2252367
sessions/2026/06/24/rollout-2026-06-24T11-32-12-019ef7af-765c-7651-a3d2-3f338b4fcf72.jsonl	1170425
sessions/2026/06/24/rollout-2026-06-24T16-59-45-019ef8db-5ae3-7550-bf63-c257d8a333cb.jsonl	505999
sessions/2026/06/24/rollout-2026-06-24T16-40-45-019ef8c9-f672-7973-8ed6-10e75cfd8a2c.jsonl	427738
sessions/2026/06/24/rollout-2026-06-24T18-00-23-019ef912-db00-7a50-96d3-cdc1c901b230.jsonl	534691
sessions/2026/06/24/rollout-2026-06-24T17-26-41-019ef8f4-011e-7922-aa08-4a885724746e.jsonl	760133
sessions/2026/06/24/rollout-2026-06-24T11-22-35-019ef7a6-ac3e-7c52-8c15-70cbb5399049.jsonl	80474
sessions/2026/06/15/rollout-2026-06-15T17-55-36-019ecab5-4187-7361-94a1-e43f5bab77c2.jsonl	424398
sessions/2026/06/15/rollout-2026-06-15T19-08-33-019ecaf8-0a7d-7432-94dc-dcdc130b808d.jsonl	153980
sessions/2026/06/15/rollout-2026-06-15T15-14-09-019eca21-6eab-7261-ba2a-93faca975764.jsonl	2466727
sessions/2026/06/15/rollout-2026-06-15T14-49-36-019eca0a-f5d4-7d61-b596-34631e4a6af3.jsonl	612339
sessions/2026/06/15/rollout-2026-06-15T09-51-34-019ec8fa-1a17-7560-91b7-03d3b7f1ba26.jsonl	2814776
sessions/2026/06/15/rollout-2026-06-15T15-19-02-019eca25-e9fe-7180-bfb7-2b1a572bace2.jsonl	423516
sessions/2026/06/15/rollout-2026-06-15T19-08-41-019ecaf8-27aa-7d32-90e5-717d3c9ca5a2.jsonl	292425
sessions/2026/06/15/rollout-2026-06-15T19-53-05-019ecb20-ce66-7a33-bf91-8c4241b6de1b.jsonl	434239
sessions/2026/06/03/rollout-2026-06-03T09-36-23-019e8b1f-e479-7c32-bd7b-6f9d7693dbb7.jsonl	1097395
sessions/2026/06/03/rollout-2026-06-03T19-28-00-019e8d3d-87ff-7f01-92d5-82452dbb84ee.jsonl	281382
sessions/2026/06/03/rollout-2026-06-03T10-27-01-019e8b4e-3e74-73d3-b226-d70ceab5c80f.jsonl	525588
sessions/2026/06/03/rollout-2026-06-03T12-26-40-019e8bbb-c8a6-78d2-be2a-2aa32b3fd536.jsonl	451892
sessions/2026/06/03/rollout-2026-06-03T11-31-42-019e8b89-7868-7280-af5c-db05760d19bd.jsonl	1228713
sessions/2026/06/03/rollout-2026-06-03T15-47-24-019e8c73-8f88-7610-bd7c-a82cb1feb8ba.jsonl	316760
sessions/2026/06/10/rollout-2026-06-10T16-23-51-019eb0a1-7353-7b62-bf78-09fc4a1f87f6.jsonl	626514
sessions/2026/06/10/rollout-2026-06-10T15-32-15-019eb072-347e-7e01-b1c7-53f42b390547.jsonl	654896
sessions/2026/06/10/rollout-2026-06-10T17-09-25-019eb0cb-2c92-7710-b117-3ad486b125d7.jsonl	1114278
sessions/2026/06/10/rollout-2026-06-10T15-22-07-019eb068-ef61-7dc1-8cec-fd1385cccdf8.jsonl	170681
sessions/2026/06/10/rollout-2026-06-10T17-09-35-019eb0cb-5338-7900-9b57-a5f76875c3cf.jsonl	883559
sessions/2026/06/10/rollout-2026-06-10T14-25-33-019eb035-271b-7d21-a639-f0169edc8b30.jsonl	516359
sessions/2026/06/10/rollout-2026-06-10T15-12-29-019eb060-1e35-77f3-8f67-fb867a29252d.jsonl	1350531
sessions/2026/06/10/rollout-2026-06-10T12-03-53-019eafb3-7170-77f1-83f8-d9a9821f45b0.jsonl	1871913
sessions/2026/06/10/rollout-2026-06-10T10-39-43-019eaf66-6485-7f40-84ef-8b6b1ffa290d.jsonl	632627
sessions/2026/06/10/rollout-2026-06-10T19-56-19-019eb163-f9c8-76e3-9b28-7a9e46347747.jsonl	649830
sessions/2026/06/10/rollout-2026-06-10T11-13-59-019eaf85-c4b5-7170-aa78-7249a2a6fc22.jsonl	576478
sessions/2026/06/10/rollout-2026-06-10T11-55-16-019eafab-8fcc-7490-a117-2357520c5cf4.jsonl	953790
sessions/2026/06/10/rollout-2026-06-10T09-46-27-019eaf35-a012-79f3-b954-2468aef3399b.jsonl	499913
sessions/2026/06/10/rollout-2026-06-10T16-23-51-019eb0a1-7353-73c1-8b8d-f71d12aa5161.jsonl	102507
sessions/2026/06/13/rollout-2026-06-13T17-57-03-019ec069-dc8b-73e2-ad3b-d112cdc04b3c.jsonl	752083
sessions/2026/06/13/rollout-2026-06-13T09-49-45-019ebeab-b7a5-7682-9dd7-becbc6e6b5ed.jsonl	1142509
sessions/2026/06/13/rollout-2026-06-13T11-37-55-019ebf0e-c089-7df1-a7a3-2e887d929032.jsonl	1686865
sessions/2026/06/13/rollout-2026-06-13T11-47-21-019ebf17-6434-7972-bd9c-085dfe857675.jsonl	959523
sessions/2026/06/13/rollout-2026-06-13T18-02-32-019ec06e-e182-7fc3-8be9-52e0b63ba686.jsonl	397356
sessions/2026/05/19/rollout-2026-05-19T14-06-55-019e3ed8-2e57-77e2-b438-8dc7b5e2f3a9.jsonl	155985
sessions/2026/05/19/rollout-2026-05-19T16-34-15-019e3f5f-10ab-71c2-b7f4-db14ffd02997.jsonl	784539
sessions/2026/05/19/rollout-2026-05-19T14-11-37-019e3edc-7af5-7e83-b535-af9d118737d0.jsonl	130902
sessions/2026/05/19/rollout-2026-05-19T11-49-17-019e3e5a-2b82-73d2-ab8c-bf7d5ef45457.jsonl	79839
sessions/2026/05/19/rollout-2026-05-19T14-19-42-019e3ee3-e22c-7f10-a2e5-bc7863ca3399.jsonl	517798
sessions/2026/05/19/rollout-2026-05-19T11-57-29-019e3e61-aeba-7bf1-a103-6154ee3e0a2e.jsonl	847054
sessions/2026/05/25/rollout-2026-05-25T14-52-36-019e5de8-28f9-7f30-a5fb-cb1999787193.jsonl	56565
sessions/2026/05/25/rollout-2026-05-25T14-37-55-019e5dda-b96d-71f3-947e-446091518f03.jsonl	70625
sessions/2026/05/11/rollout-2026-05-11T10-28-43-019e14dd-8a02-74e1-a5a9-c76dcf2a0bb4.jsonl	32501
sessions/2026/05/26/rollout-2026-05-26T14-26-55-019e62f7-00c7-7ac3-b4d1-8bad48c350e2.jsonl	58962
sessions/2026/05/26/rollout-2026-05-26T16-58-16-019e6381-90c8-7792-afc9-254aac12421f.jsonl	5863738
sessions/2026/05/26/rollout-2026-05-26T14-31-15-019e62fa-fa4c-7913-b8ae-8eee6e467c36.jsonl	376998
sessions/2026/05/16/rollout-2026-05-16T18-11-49-019e3045-4f2c-7af2-bfd1-041a18f95266.jsonl	31391
sessions/2026/05/16/rollout-2026-05-16T17-30-50-019e301f-c58d-78d0-a2f3-c133e64c3b80.jsonl	26550
sessions/2026/05/16/rollout-2026-05-16T17-31-45-019e3020-a239-7633-86ea-a29c5ea0386b.jsonl	26708
sessions/2026/05/16/rollout-2026-05-16T18-17-09-019e304a-326f-7ad0-a36b-69d5c6af04d7.jsonl	1025352
sessions/2026/05/16/rollout-2026-05-16T17-22-50-019e3018-7645-7263-b9ef-cd3fcf8d4c35.jsonl	29730
sessions/2026/05/16/rollout-2026-05-16T17-08-48-019e300b-a063-7053-ab6f-596062e166f1.jsonl	27892
sessions/2026/05/16/rollout-2026-05-16T17-32-09-019e3020-ffb5-7560-a14b-bc29fbc3c686.jsonl	26538
sessions/2026/05/16/rollout-2026-05-16T17-20-13-019e3016-0812-77d0-8765-1961cf5128c7.jsonl	30477
sessions/2026/05/18/rollout-2026-05-18T12-58-34-019e3973-3f4c-7cf0-afd2-7a99c5eb5bcb.jsonl	180318
sessions/2026/05/18/rollout-2026-05-18T10-41-21-019e38f5-9e9f-7fc1-b50f-a59e57ade815.jsonl	403262
sessions/2026/05/18/rollout-2026-05-18T16-39-51-019e3a3d-d7b8-7951-81a4-4d8414595f16.jsonl	681970
sessions/2026/05/18/rollout-2026-05-18T14-14-44-019e39b8-fb42-7a32-9353-e6527e97bc73.jsonl	1087915
sessions/2026/05/18/rollout-2026-05-18T12-48-56-019e396a-6cbc-78a2-a040-a3a2f67a0410.jsonl	27604
sessions/2026/05/18/rollout-2026-05-18T12-38-32-019e3960-e630-7193-8d38-17932bf3809c.jsonl	30279
sessions/2026/05/18/rollout-2026-05-18T10-23-07-019e38e4-ebcf-7bf0-bfd7-f274a505aa73.jsonl	127956
sessions/2026/05/18/rollout-2026-05-18T12-39-21-019e3961-a679-7b50-90a9-2f468c0da1ad.jsonl	56767
sessions/2026/05/18/rollout-2026-05-18T12-52-14-019e396d-729f-7610-a420-4cc97c07654a.jsonl	29121
sessions/2026/05/18/rollout-2026-05-18T10-28-21-019e38e9-b7cd-77a0-9f02-762728af84d9.jsonl	208252
sessions/2026/05/21/rollout-2026-05-21T10-45-44-019e486c-b708-76e1-9598-86d82107df10.jsonl	25820
sessions/2026/05/21/rollout-2026-05-21T10-43-28-019e486a-a0ef-75a2-8371-04ae023188b6.jsonl	124712
sessions/2026/05/28/rollout-2026-05-28T12-04-23-019e6cc1-3c88-7373-ab99-66479826c3b0.jsonl	173738
sessions/2026/05/20/rollout-2026-05-20T10-17-32-019e432c-8955-7e72-bd5b-2dec53a580f3.jsonl	237543
sessions/2026/05/20/rollout-2026-05-20T10-58-40-019e4352-3172-7ef2-8699-5ea57ec6fc7e.jsonl	6349535
sessions/2026/05/30/rollout-2026-05-30T17-07-54-019e7823-d1bb-7151-9eaf-9fc860e42ada.jsonl	2452987
sessions/2026/05/30/rollout-2026-05-30T15-51-49-019e77de-2c54-7d22-9581-abeae31980d3.jsonl	3267862
sessions/2026/04/28/rollout-2026-04-28T17-54-57-019dd383-6663-7e41-a13a-025ffa41f8d4.jsonl	26898
